:START_ID,:END_ID,:TYPE
eq_001,eq_002,包含
eq_002,eq_003,包含
eq_003,eq_004,包含
eq_004,eq_005,包含
eq_004,eq_006,包含
eq_004,eq_007,包含
eq_004,eq_008,包含
eq_004,eq_009,包含
eq_004,eq_010,包含
eq_004,eq_011,包含
eq_004,eq_012,包含
eq_004,eq_013,包含
eq_003,eq_014,包含
eq_014,eq_015,包含
eq_003,eq_016,包含
eq_003,eq_017,包含
eq_017,eq_018,包含
eq_017,eq_019,包含
eq_002,eq_020,包含
eq_020,eq_021,包含
eq_021,eq_022,包含
eq_021,eq_023,包含
eq_021,eq_024,包含
eq_021,eq_025,包含
eq_021,eq_026,包含
eq_020,eq_027,包含
eq_002,eq_028,包含
eq_028,eq_029,包含
eq_029,eq_030,包含
eq_029,eq_031,包含
eq_029,eq_032,包含
eq_029,eq_033,包含
eq_029,eq_034,包含
eq_029,eq_035,包含
eq_029,eq_036,包含
eq_029,eq_037,包含
eq_029,eq_038,包含
eq_029,eq_039,包含
eq_029,eq_040,包含
eq_029,eq_041,包含
eq_029,eq_042,包含
eq_029,eq_043,包含
eq_002,eq_044,包含
eq_044,eq_045,包含
eq_044,eq_046,包含
eq_044,eq_047,包含
eq_044,eq_048,包含
eq_044,eq_049,包含
eq_044,eq_050,包含
eq_002,eq_051,包含
eq_051,eq_052,包含
eq_051,eq_053,包含
eq_051,eq_054,包含
eq_051,eq_055,包含
eq_051,eq_056,包含
eq_002,eq_057,包含
eq_057,eq_058,包含
eq_057,eq_059,包含
eq_057,eq_060,包含
eq_057,eq_061,包含
eq_057,eq_062,包含
eq_057,eq_063,包含
eq_057,eq_064,包含
eq_001,eq_065,包含
eq_065,eq_066,包含
eq_065,eq_067,包含
eq_065,eq_068,包含
eq_004,fm_001,易发生
eq_004,fm_002,易发生
eq_004,fm_003,易发生
eq_004,fm_004,易发生
eq_004,fm_005,易发生
eq_004,fm_006,易发生
eq_004,fm_007,易发生
eq_004,fm_008,易发生
eq_004,fm_009,易发生
eq_004,fm_010,易发生
eq_004,fm_011,易发生
eq_004,fm_012,易发生
eq_004,fm_013,易发生
eq_014,fm_014,易发生
eq_014,fm_015,易发生
eq_016,fm_016,易发生
eq_016,fm_017,易发生
eq_017,fm_018,易发生
eq_018,fm_019,易发生
eq_019,fm_020,易发生
eq_021,fm_021,易发生
eq_021,fm_022,易发生
eq_021,fm_023,易发生
eq_021,fm_024,易发生
eq_021,fm_025,易发生
eq_021,fm_026,易发生
eq_025,fm_027,易发生
eq_026,fm_028,易发生
eq_026,fm_029,易发生
eq_027,fm_030,易发生
eq_078,fm_031,易发生
eq_033,fm_032,易发生
eq_036,fm_033,易发生
eq_039,fm_034,易发生
eq_042,fm_035,易发生
eq_028,fm_036,易发生
eq_028,fm_037,易发生
eq_030,fm_038,易发生
eq_030,fm_039,易发生
eq_030,fm_040,易发生
eq_043,fm_041,易发生
eq_101,fm_042,易发生
eq_046,fm_043,易发生
eq_047,fm_044,易发生
eq_045,fm_045,易发生
eq_048,fm_046,易发生
eq_044,fm_047,易发生
eq_044,fm_048,易发生
eq_049,fm_049,易发生
eq_050,fm_050,易发生
eq_052,fm_051,易发生
eq_051,fm_052,易发生
eq_051,fm_053,易发生
eq_051,fm_054,易发生
eq_051,fm_055,易发生
eq_054,fm_056,易发生
eq_055,fm_057,易发生
eq_056,fm_058,易发生
eq_058,fm_059,易发生
eq_058,fm_060,易发生
eq_058,fm_061,易发生
eq_058,fm_062,易发生
eq_059,fm_063,易发生
eq_100,fm_064,易发生
eq_062,fm_065,易发生
eq_063,fm_066,易发生
eq_062,fm_067,易发生
eq_064,fm_068,易发生
eq_057,fm_069,易发生
eq_057,fm_070,易发生
eq_057,fm_071,易发生
eq_061,fm_072,易发生
eq_061,fm_073,易发生
eq_106,fm_074,易发生
eq_156,fm_075,易发生
eq_157,fm_076,易发生
eq_158,fm_077,易发生
eq_132,fm_078,易发生
eq_129,fm_079,易发生
eq_130,fm_080,易发生
eq_065,fm_081,易发生
eq_067,fm_082,易发生
eq_066,fm_083,易发生
eq_068,fm_084,易发生
eq_057,fm_085,易发生
fm_004,fp_001,表现为
fm_005,fp_002,表现为
fm_006,fp_003,表现为
fm_009,fp_004,表现为
fm_010,fp_005,表现为
fm_008,fp_006,表现为
fm_011,fp_007,表现为
fm_012,fp_008,表现为
fm_013,fp_009,表现为
fm_014,fp_010,表现为
fm_016,fp_011,表现为
fm_018,fp_012,表现为
fm_019,fp_013,表现为
fm_020,fp_014,表现为
fm_024,fp_015,表现为
fm_025,fp_017,表现为
fm_026,fp_018,表现为
fm_027,fp_019,表现为
fm_028,fp_020,表现为
fm_029,fp_021,表现为
fm_031,fp_022,表现为
fm_032,fp_023,表现为
fm_034,fp_025,表现为
fm_035,fp_027,表现为
fm_036,fp_028,表现为
fm_037,fp_029,表现为
fm_038,fp_030,表现为
fm_043,fp_032,表现为
fm_047,fp_034,表现为
fm_048,fp_035,表现为
fm_049,fp_036,表现为
fm_050,fp_037,表现为
fm_053,fp_038,表现为
fm_052,fp_039,表现为
fm_055,fp_040,表现为
fm_057,fp_041,表现为
fm_058,fp_042,表现为
fm_059,fp_043,表现为
fm_062,fp_044,表现为
fm_063,fp_045,表现为
fm_066,fp_047,表现为
fm_067,fp_048,表现为
fm_068,fp_049,表现为
fm_069,fp_050,表现为
fm_071,fp_051,表现为
fm_073,fp_052,表现为
fm_074,fp_053,表现为
fm_075,fp_054,表现为
fm_077,fp_055,表现为
fm_079,fp_057,表现为
fm_080,fp_058,表现为
fm_081,fp_059,表现为
fm_082,fp_060,表现为
fm_083,fp_061,表现为
fm_084,fp_062,表现为
fm_085,fp_063,表现为
fm_001,fc_001,由...导致
fm_001,fc_002,由...导致
fm_001,fc_003,由...导致
fm_002,fc_005,由...导致
fm_002,fc_006,由...导致
fm_002,fc_007,由...导致
fm_004,fc_008,由...导致
fm_004,fc_009,由...导致
fm_004,fc_002,由...导致
fm_005,fc_011,由...导致
fm_005,fc_014,由...导致
fm_007,fc_003,由...导致
fm_007,fc_004,由...导致
fm_008,fc_011,由...导致
fm_008,fc_012,由...导致
fm_008,fc_013,由...导致
fm_009,fc_001,由...导致
fm_009,fc_007,由...导致
fm_011,fc_001,由...导致
fm_011,fc_010,由...导致
fm_012,fc_008,由...导致
fm_013,fc_010,由...导致
fm_021,fc_001,由...导致
fm_021,fc_002,由...导致
fm_024,fc_021,由...导致
fm_024,fc_009,由...导致
fm_027,fc_022,由...导致
fm_028,fc_001,由...导致
fm_029,fc_022,由...导致
fm_029,fc_023,由...导致
fm_032,fc_026,由...导致
fm_032,fc_027,由...导致
fm_033,fc_028,由...导致
fm_034,fc_029,由...导致
fm_034,fc_030,由...导致
fm_035,fc_031,由...导致
fm_035,fc_032,由...导致
fm_036,fc_034,由...导致
fm_036,fc_029,由...导致
fm_051,fc_040,由...导致
fm_051,fc_041,由...导致
fm_052,fc_009,由...导致
fm_053,fc_042,由...导致
fm_053,fc_051,由...导致
fm_055,fc_011,由...导致
fm_055,fc_012,由...导致
fm_056,fc_043,由...导致
fm_057,fc_044,由...导致
fm_058,fc_010,由...导致
fm_059,fc_045,由...导致
fm_059,fc_046,由...导致
fm_060,fc_048,由...导致
fm_061,fc_049,由...导致
fm_062,fc_009,由...导致
fm_065,fc_052,由...导致
fm_065,fc_053,由...导致
fm_069,fc_054,由...导致
fm_069,fc_055,由...导致
fm_071,fc_056,由...导致
fm_077,fc_062,由...导致
fm_004,rs_001,维修方法
fm_004,rs_006,维修方法
fm_004,rs_039,维修方法
fm_004,rs_040,维修方法
fm_005,rs_001,维修方法
fm_005,rs_003,维修方法
fm_005,rs_039,维修方法
fm_005,rs_040,维修方法
fm_007,rs_001,维修方法
fm_007,rs_004,维修方法
fm_007,rs_005,维修方法
fm_007,rs_039,维修方法
fm_007,rs_040,维修方法
fm_008,rs_001,维修方法
fm_008,rs_008,维修方法
fm_008,rs_039,维修方法
fm_008,rs_040,维修方法
fm_013,rs_001,维修方法
fm_013,rs_005,维修方法
fm_013,rs_039,维修方法
fm_013,rs_040,维修方法
fm_028,rs_001,维修方法
fm_028,rs_014,维修方法
fm_028,rs_039,维修方法
fm_028,rs_040,维修方法
fm_029,rs_001,维修方法
fm_029,rs_015,维修方法
fm_029,rs_014,维修方法
fm_029,rs_039,维修方法
fm_029,rs_040,维修方法
fm_035,rs_001,维修方法
fm_035,rs_018,维修方法
fm_035,rs_039,维修方法
fm_035,rs_040,维修方法
fm_065,rs_001,维修方法
fm_065,rs_029,维修方法
fm_065,rs_039,维修方法
fm_065,rs_040,维修方法
fm_077,rs_001,维修方法
fm_077,rs_033,维修方法
fm_077,rs_039,维修方法
fm_077,rs_040,维修方法
ac_001,fm_004,对应
ac_002,fm_009,对应
ac_003,fm_024,对应
ac_004,fm_036,对应
ac_005,fm_053,对应
ac_006,fm_059,对应